<?xml version='1.0' encoding='UTF-8'?>
<?artifactRepository version='1.1.0'?>
<repository name='file:/C:/Users/suresh/AnypointStudio/muleworkspace/cooker-connector/target/update-site/ - artifacts' type='org.eclipse.equinox.p2.artifact.repository.simpleRepository' version='1'>
  <properties size='2'>
    <property name='p2.timestamp' value='1436737638714'/>
    <property name='p2.compressed' value='false'/>
  </properties>
  <mappings size='3'>
    <rule filter='(&amp; (classifier=osgi.bundle))' output='${repoUrl}/plugins/${id}_${version}.jar'/>
    <rule filter='(&amp; (classifier=binary))' output='${repoUrl}/binary/${id}_${version}'/>
    <rule filter='(&amp; (classifier=org.eclipse.update.feature))' output='${repoUrl}/features/${id}_${version}.jar'/>
  </mappings>
  <artifacts size='2'>
    <artifact classifier='osgi.bundle' id='org.mule.tooling.ui.contribution.cooker.3.5.0' version='1.0.0.201507130316'>
      <properties size='3'>
        <property name='artifact.size' value='406054'/>
        <property name='download.size' value='406054'/>
        <property name='download.md5' value='aaa861ea76cc195ce8de382f7524f228'/>
      </properties>
    </artifact>
    <artifact classifier='org.eclipse.update.feature' id='org.mule.tooling.ui.extension.cooker-connector.3.5.0' version='1.0.0.201507130316'>
      <properties size='4'>
        <property name='artifact.size' value='10054'/>
        <property name='download.size' value='10054'/>
        <property name='download.md5' value='a4813229959f7c0812e6c0fbd8ba012e'/>
        <property name='download.contentType' value='application/zip'/>
      </properties>
    </artifact>
  </artifacts>
</repository>
